{
  "name": "bluebird",
  "version": "2.3.5",
  "homepage": "https://github.com/petkaantonov/bluebird",
  "authors": [
    "Petka Antonov <petka_antonov@hotmail.com>"
  ],
  "description": "Bluebird is a full featured promise library with unmatched performance.",
  "main": "js/browser/bluebird.js",
  "license": "MIT",
  "ignore": [
    "**/.*",
    "benchmark",
    "bower_components",
    "./browser",
    "js/zalgo",
    "node_modules",
    "test"
  ],
  "keywords": [
    "promise",
    "performance",
    "promises",
    "promises-a",
    "promises-aplus",
    "async",
    "await",
    "deferred",
    "deferreds",
    "future",
    "flow control",
    "dsl",
    "fluent interface"
  ],
  "_release": "2.3.5",
  "_resolution": {
    "type": "version",
    "tag": "v2.3.5",
    "commit": "2176843432862900d3c8ee00591cffeadb14d0b4"
  },
  "_source": "git://github.com/petkaantonov/bluebird.git",
  "_target": "~2.3.4",
  "_originalSource": "bluebird"
}